rank,uid,title,year,venue,url,problem_claimed,actual_mechanism,hidden_assumptions,variables_treated_as_fixed,failure_modes_ignored,what_it_makes_less_novel,what_it_leaves_open
1,doi:10.1523/jneurosci.5792-11.2012,Muscle Coordination Is Habitual Rather than Optimal,2012,Journal of Neuroscience,https://doi.org/10.1523/jneurosci.5792-11.2012,Addresses diffusion and energy-based robot policies or a neighboring robotics mechanism.,"Prior work usually predicts, ranks, filters, or imitates observed behavior rather than preserving unrealized branches.",The observed outcome is enough to supervise the model.,"Contact mode support, embodiment limits, and deployment perturbations.","Branch collapse, hidden-mode shift, and tail-risk planning failures.",Generic world models and generic uncertainty are crowded.,Energy guided diffusion policy limits keeps action-critical alternatives explicit until a physical observation collapses them.
2,doi:10.48550/arxiv.2304.12824,Contrastive Energy Prediction for Exact Energy-Guided Diffusion Sampling in Offline Reinforcement Learning,2023,arXiv (Cornell University),https://doi.org/10.48550/arxiv.2304.12824,Addresses diffusion and energy-based robot policies or a neighboring robotics mechanism.,"Prior work usually predicts, ranks, filters, or imitates observed behavior rather than preserving unrealized branches.",The observed outcome is enough to supervise the model.,"Contact mode support, embodiment limits, and deployment perturbations.","Branch collapse, hidden-mode shift, and tail-risk planning failures.",Generic world models and generic uncertainty are crowded.,Energy guided diffusion policy limits keeps action-critical alternatives explicit until a physical observation collapses them.
3,doi:10.2139/ssrn.6353339,Prompt-Guided Large Language Model for Estimating the State of Charge of Containerized Lithium-Ion Battery Energy Storage Systems,,,https://doi.org/10.2139/ssrn.6353339,Addresses diffusion and energy-based robot policies or a neighboring robotics mechanism.,"Prior work usually predicts, ranks, filters, or imitates observed behavior rather than preserving unrealized branches.",The observed outcome is enough to supervise the model.,"Contact mode support, embodiment limits, and deployment perturbations.","Branch collapse, hidden-mode shift, and tail-risk planning failures.",Generic world models and generic uncertainty are crowded.,Energy guided diffusion policy limits keeps action-critical alternatives explicit until a physical observation collapses them.
4,doi:10.3389/frobt.2026.1851102,DPTG: diffusion policy with tactile feasibility guidance,2026,Frontiers in Robotics and AI,https://doi.org/10.3389/frobt.2026.1851102,Addresses diffusion and energy-based robot policies or a neighboring robotics mechanism.,"Prior work usually predicts, ranks, filters, or imitates observed behavior rather than preserving unrealized branches.",The observed outcome is enough to supervise the model.,"Contact mode support, embodiment limits, and deployment perturbations.","Branch collapse, hidden-mode shift, and tail-risk planning failures.",Generic world models and generic uncertainty are crowded.,Energy guided diffusion policy limits keeps action-critical alternatives explicit until a physical observation collapses them.
5,arxiv:2606.08743v1,Guided Discovery of New Behaviors using Diffusion Policies,2026,arXiv,http://arxiv.org/abs/2606.08743v1,Addresses diffusion and energy-based robot policies or a neighboring robotics mechanism.,"Prior work usually predicts, ranks, filters, or imitates observed behavior rather than preserving unrealized branches.",The observed outcome is enough to supervise the model.,"Contact mode support, embodiment limits, and deployment perturbations.","Branch collapse, hidden-mode shift, and tail-risk planning failures.",Generic world models and generic uncertainty are crowded.,Energy guided diffusion policy limits keeps action-critical alternatives explicit until a physical observation collapses them.
6,title:progressvla progress guided diffusion policy for vision language robotic manipulation,ProgressVLA: Progress-Guided Diffusion Policy for Vision-Language Robotic Manipulation,2026,arXiv (Cornell University),https://openalex.org/W7148177967,Addresses diffusion and energy-based robot policies or a neighboring robotics mechanism.,"Prior work usually predicts, ranks, filters, or imitates observed behavior rather than preserving unrealized branches.",The observed outcome is enough to supervise the model.,"Contact mode support, embodiment limits, and deployment perturbations.","Branch collapse, hidden-mode shift, and tail-risk planning failures.",Generic world models and generic uncertainty are crowded.,Energy guided diffusion policy limits keeps action-critical alternatives explicit until a physical observation collapses them.
7,doi:10.1115/dscc2013-3947,Simple Clothoid Paths for Autonomous Vehicle Lane Changes at the Limits of Handling,2013,"Volume 3: Nonlinear Estimation and Control; Optimization and Optimal Control; Piezoelectric Actuation and Nanoscale Control; Robotics and Manipulators; Sensing; System Identification (Estimation for Automotive Applications, Modeling, Therapeutic Control in Bio-Systems); Variable Structure/Sliding-Mode Control; Vehicles and Human Robotics; Vehicle Dynamics and Control; Vehicle Path Planning and Collision Avoidance; Vibrational and Mechanical Systems; Wind Energy Systems and Control",https://doi.org/10.1115/dscc2013-3947,Addresses diffusion and energy-based robot policies or a neighboring robotics mechanism.,"Prior work usually predicts, ranks, filters, or imitates observed behavior rather than preserving unrealized branches.",The observed outcome is enough to supervise the model.,"Contact mode support, embodiment limits, and deployment perturbations.","Branch collapse, hidden-mode shift, and tail-risk planning failures.",Generic world models and generic uncertainty are crowded.,Energy guided diffusion policy limits keeps action-critical alternatives explicit until a physical observation collapses them.
8,doi:10.1111/1365-2745.13451/v1/review1,"Review for ""Competition and demography rather than dispersal limitation slow down upward shifts of trees’ upper elevation limits in the Alps""",2020,,https://doi.org/10.1111/1365-2745.13451/v1/review1,Addresses diffusion and energy-based robot policies or a neighboring robotics mechanism.,"Prior work usually predicts, ranks, filters, or imitates observed behavior rather than preserving unrealized branches.",The observed outcome is enough to supervise the model.,"Contact mode support, embodiment limits, and deployment perturbations.","Branch collapse, hidden-mode shift, and tail-risk planning failures.",Generic world models and generic uncertainty are crowded.,Energy guided diffusion policy limits keeps action-critical alternatives explicit until a physical observation collapses them.
9,arxiv:2407.08065v1,Towards Interpretable Foundation Models of Robot Behavior: A Task Specific Policy Generation Approach,2024,arXiv,http://arxiv.org/abs/2407.08065v1,Addresses diffusion and energy-based robot policies or a neighboring robotics mechanism.,"Prior work usually predicts, ranks, filters, or imitates observed behavior rather than preserving unrealized branches.",The observed outcome is enough to supervise the model.,"Contact mode support, embodiment limits, and deployment perturbations.","Branch collapse, hidden-mode shift, and tail-risk planning failures.",Generic world models and generic uncertainty are crowded.,Energy guided diffusion policy limits keeps action-critical alternatives explicit until a physical observation collapses them.
10,arxiv:2410.15959v6,Diffusion Transformer Policy,2024,arXiv,http://arxiv.org/abs/2410.15959v6,Addresses diffusion and energy-based robot policies or a neighboring robotics mechanism.,"Prior work usually predicts, ranks, filters, or imitates observed behavior rather than preserving unrealized branches.",The observed outcome is enough to supervise the model.,"Contact mode support, embodiment limits, and deployment perturbations.","Branch collapse, hidden-mode shift, and tail-risk planning failures.",Generic world models and generic uncertainty are crowded.,Energy guided diffusion policy limits keeps action-critical alternatives explicit until a physical observation collapses them.
11,doi:10.21203/rs.3.rs-9525948/v1,"Domain-Generalizable Emotion Recognition across Social Media, Sitcom Dialogues, and Online Video Transcripts via Large Language Model-Guided Invariant Emotion Explanations",,,https://doi.org/10.21203/rs.3.rs-9525948/v1,Addresses diffusion and energy-based robot policies or a neighboring robotics mechanism.,"Prior work usually predicts, ranks, filters, or imitates observed behavior rather than preserving unrealized branches.",The observed outcome is enough to supervise the model.,"Contact mode support, embodiment limits, and deployment perturbations.","Branch collapse, hidden-mode shift, and tail-risk planning failures.",Generic world models and generic uncertainty are crowded.,Energy guided diffusion policy limits keeps action-critical alternatives explicit until a physical observation collapses them.
12,doi:10.1109/lra.2025.3592048,"Real-Time Adaptive Motion Planning via Point Cloud-Guided, Energy-Based Diffusion and Potential Fields",2025,IEEE Robotics and Automation Letters,https://doi.org/10.1109/lra.2025.3592048,Addresses diffusion and energy-based robot policies or a neighboring robotics mechanism.,"Prior work usually predicts, ranks, filters, or imitates observed behavior rather than preserving unrealized branches.",The observed outcome is enough to supervise the model.,"Contact mode support, embodiment limits, and deployment perturbations.","Branch collapse, hidden-mode shift, and tail-risk planning failures.",Generic world models and generic uncertainty are crowded.,Energy guided diffusion policy limits keeps action-critical alternatives explicit until a physical observation collapses them.
13,doi:10.1109/lra.2025.3619794,Diffusion Trajectory-guided Policy for Long-horizon Robot Manipulation,2025,arXiv,http://arxiv.org/abs/2502.10040v2,Addresses diffusion and energy-based robot policies or a neighboring robotics mechanism.,"Prior work usually predicts, ranks, filters, or imitates observed behavior rather than preserving unrealized branches.",The observed outcome is enough to supervise the model.,"Contact mode support, embodiment limits, and deployment perturbations.","Branch collapse, hidden-mode shift, and tail-risk planning failures.",Generic world models and generic uncertainty are crowded.,Energy guided diffusion policy limits keeps action-critical alternatives explicit until a physical observation collapses them.
14,arxiv:2511.08922v1,Diffusion Policies with Value-Conditional Optimization for Offline Reinforcement Learning,2025,arXiv,http://arxiv.org/abs/2511.08922v1,Addresses diffusion and energy-based robot policies or a neighboring robotics mechanism.,"Prior work usually predicts, ranks, filters, or imitates observed behavior rather than preserving unrealized branches.",The observed outcome is enough to supervise the model.,"Contact mode support, embodiment limits, and deployment perturbations.","Branch collapse, hidden-mode shift, and tail-risk planning failures.",Generic world models and generic uncertainty are crowded.,Energy guided diffusion policy limits keeps action-critical alternatives explicit until a physical observation collapses them.
15,arxiv:2602.09207v1,CausalGDP: Causality-Guided Diffusion Policies for Reinforcement Learning,2026,arXiv,http://arxiv.org/abs/2602.09207v1,Addresses diffusion and energy-based robot policies or a neighboring robotics mechanism.,"Prior work usually predicts, ranks, filters, or imitates observed behavior rather than preserving unrealized branches.",The observed outcome is enough to supervise the model.,"Contact mode support, embodiment limits, and deployment perturbations.","Branch collapse, hidden-mode shift, and tail-risk planning failures.",Generic world models and generic uncertainty are crowded.,Energy guided diffusion policy limits keeps action-critical alternatives explicit until a physical observation collapses them.
16,doi:10.1126/scirobotics.adp0751,Development of compositionality through interactive learning of language and action of robots,2025,Science Robotics,https://doi.org/10.1126/scirobotics.adp0751,Addresses diffusion and energy-based robot policies or a neighboring robotics mechanism.,"Prior work usually predicts, ranks, filters, or imitates observed behavior rather than preserving unrealized branches.",The observed outcome is enough to supervise the model.,"Contact mode support, embodiment limits, and deployment perturbations.","Branch collapse, hidden-mode shift, and tail-risk planning failures.",Generic world models and generic uncertainty are crowded.,Energy guided diffusion policy limits keeps action-critical alternatives explicit until a physical observation collapses them.
17,doi:10.3390/electronics15030551,Diffusion-Guided Model Predictive Control for Signal Temporal Logic Specifications,2026,Electronics,https://doi.org/10.3390/electronics15030551,Addresses diffusion and energy-based robot policies or a neighboring robotics mechanism.,"Prior work usually predicts, ranks, filters, or imitates observed behavior rather than preserving unrealized branches.",The observed outcome is enough to supervise the model.,"Contact mode support, embodiment limits, and deployment perturbations.","Branch collapse, hidden-mode shift, and tail-risk planning failures.",Generic world models and generic uncertainty are crowded.,Energy guided diffusion policy limits keeps action-critical alternatives explicit until a physical observation collapses them.
18,doi:10.3390/bs14020131,People with Autism Spectrum Disorder Could Interact More Easily with a Robot than with a Human: Reasons and Limits,2024,Behavioral Sciences,https://doi.org/10.3390/bs14020131,Addresses diffusion and energy-based robot policies or a neighboring robotics mechanism.,"Prior work usually predicts, ranks, filters, or imitates observed behavior rather than preserving unrealized branches.",The observed outcome is enough to supervise the model.,"Contact mode support, embodiment limits, and deployment perturbations.","Branch collapse, hidden-mode shift, and tail-risk planning failures.",Generic world models and generic uncertainty are crowded.,Energy guided diffusion policy limits keeps action-critical alternatives explicit until a physical observation collapses them.
19,doi:10.1007/s13278-022-00994-6,Empirical Evaluation of Link Deletion Methods for Limiting Information Diffusion on Social Media,2026,arXiv,http://arxiv.org/abs/2603.21470v1,Addresses diffusion and energy-based robot policies or a neighboring robotics mechanism.,"Prior work usually predicts, ranks, filters, or imitates observed behavior rather than preserving unrealized branches.",The observed outcome is enough to supervise the model.,"Contact mode support, embodiment limits, and deployment perturbations.","Branch collapse, hidden-mode shift, and tail-risk planning failures.",Generic world models and generic uncertainty are crowded.,Energy guided diffusion policy limits keeps action-critical alternatives explicit until a physical observation collapses them.
20,doi:10.3389/frobt.2022.884669,Treatise on Analytic Nonlinear Optimal Guidance and Control Amplification of Strictly Analytic (Non-Numerical) Methods,2022,Frontiers in Robotics and AI,https://doi.org/10.3389/frobt.2022.884669,Addresses diffusion and energy-based robot policies or a neighboring robotics mechanism.,"Prior work usually predicts, ranks, filters, or imitates observed behavior rather than preserving unrealized branches.",The observed outcome is enough to supervise the model.,"Contact mode support, embodiment limits, and deployment perturbations.","Branch collapse, hidden-mode shift, and tail-risk planning failures.",Generic world models and generic uncertainty are crowded.,Energy guided diffusion policy limits keeps action-critical alternatives explicit until a physical observation collapses them.
21,doi:10.1242/jeb.102426,Oxygen diffusion limitation triggers ventilatory movements during spiracle closure when insects breathe discontinuously,2014,Journal of Experimental Biology,https://doi.org/10.1242/jeb.102426,Addresses diffusion and energy-based robot policies or a neighboring robotics mechanism.,"Prior work usually predicts, ranks, filters, or imitates observed behavior rather than preserving unrealized branches.",The observed outcome is enough to supervise the model.,"Contact mode support, embodiment limits, and deployment perturbations.","Branch collapse, hidden-mode shift, and tail-risk planning failures.",Generic world models and generic uncertainty are crowded.,Energy guided diffusion policy limits keeps action-critical alternatives explicit until a physical observation collapses them.
22,doi:10.48550/arxiv.2304.10573,IDQL: Implicit Q-Learning as an Actor-Critic Method with Diffusion Policies,2023,arXiv (Cornell University),https://doi.org/10.48550/arxiv.2304.10573,Addresses diffusion and energy-based robot policies or a neighboring robotics mechanism.,"Prior work usually predicts, ranks, filters, or imitates observed behavior rather than preserving unrealized branches.",The observed outcome is enough to supervise the model.,"Contact mode support, embodiment limits, and deployment perturbations.","Branch collapse, hidden-mode shift, and tail-risk planning failures.",Generic world models and generic uncertainty are crowded.,Energy guided diffusion policy limits keeps action-critical alternatives explicit until a physical observation collapses them.
23,arxiv:2512.16864v1,RePlan: Reasoning-guided Region Planning for Complex Instruction-based Image Editing,2025,arXiv,http://arxiv.org/abs/2512.16864v1,Addresses diffusion and energy-based robot policies or a neighboring robotics mechanism.,"Prior work usually predicts, ranks, filters, or imitates observed behavior rather than preserving unrealized branches.",The observed outcome is enough to supervise the model.,"Contact mode support, embodiment limits, and deployment perturbations.","Branch collapse, hidden-mode shift, and tail-risk planning failures.",Generic world models and generic uncertainty are crowded.,Energy guided diffusion policy limits keeps action-critical alternatives explicit until a physical observation collapses them.
24,doi:10.25258/ijddt.16.16s.43,A Neuro-Symbolic Agentic Digital Twin Framework for Causally Explainable Reckless Driving Behaviour Detection,2026,International Journal of Drug Delivery Technology,https://doi.org/10.25258/ijddt.16.16s.43,Addresses diffusion and energy-based robot policies or a neighboring robotics mechanism.,"Prior work usually predicts, ranks, filters, or imitates observed behavior rather than preserving unrealized branches.",The observed outcome is enough to supervise the model.,"Contact mode support, embodiment limits, and deployment perturbations.","Branch collapse, hidden-mode shift, and tail-risk planning failures.",Generic world models and generic uncertainty are crowded.,Energy guided diffusion policy limits keeps action-critical alternatives explicit until a physical observation collapses them.
25,doi:10.62311/nesx/rb-978-81-992251-0-7,Intelligent Robotics and Autonomous Systems: From Cognitive Machines to Surgical Precision,2025,,https://doi.org/10.62311/nesx/rb-978-81-992251-0-7,Addresses diffusion and energy-based robot policies or a neighboring robotics mechanism.,"Prior work usually predicts, ranks, filters, or imitates observed behavior rather than preserving unrealized branches.",The observed outcome is enough to supervise the model.,"Contact mode support, embodiment limits, and deployment perturbations.","Branch collapse, hidden-mode shift, and tail-risk planning failures.",Generic world models and generic uncertainty are crowded.,Energy guided diffusion policy limits keeps action-critical alternatives explicit until a physical observation collapses them.
26,doi:10.3389/fncom.2019.00049,The Energy Homeostasis Principle: Neuronal Energy Regulation Drives Local Network Dynamics Generating Behavior,2019,Frontiers in Computational Neuroscience,https://doi.org/10.3389/fncom.2019.00049,Addresses diffusion and energy-based robot policies or a neighboring robotics mechanism.,"Prior work usually predicts, ranks, filters, or imitates observed behavior rather than preserving unrealized branches.",The observed outcome is enough to supervise the model.,"Contact mode support, embodiment limits, and deployment perturbations.","Branch collapse, hidden-mode shift, and tail-risk planning failures.",Generic world models and generic uncertainty are crowded.,Energy guided diffusion policy limits keeps action-critical alternatives explicit until a physical observation collapses them.
27,doi:10.1038/ncomms15145,Energy scaling of targeted optimal control of complex networks,2017,Nature Communications,https://doi.org/10.1038/ncomms15145,Addresses diffusion and energy-based robot policies or a neighboring robotics mechanism.,"Prior work usually predicts, ranks, filters, or imitates observed behavior rather than preserving unrealized branches.",The observed outcome is enough to supervise the model.,"Contact mode support, embodiment limits, and deployment perturbations.","Branch collapse, hidden-mode shift, and tail-risk planning failures.",Generic world models and generic uncertainty are crowded.,Energy guided diffusion policy limits keeps action-critical alternatives explicit until a physical observation collapses them.
28,doi:10.1002/aenm.201902568,Diffusion Limitation of Lithium Metal and Li–Mg Alloy Anodes on LLZO Type Solid Electrolytes as a Function of Temperature and Pressure,2019,Advanced Energy Materials,https://doi.org/10.1002/aenm.201902568,Addresses diffusion and energy-based robot policies or a neighboring robotics mechanism.,"Prior work usually predicts, ranks, filters, or imitates observed behavior rather than preserving unrealized branches.",The observed outcome is enough to supervise the model.,"Contact mode support, embodiment limits, and deployment perturbations.","Branch collapse, hidden-mode shift, and tail-risk planning failures.",Generic world models and generic uncertainty are crowded.,Energy guided diffusion policy limits keeps action-critical alternatives explicit until a physical observation collapses them.
29,doi:10.3390/agronomy15010190,Organic Fertilization Leads to N Limitation Rather than P Limitation in Both Vegetable Soils,2025,Agronomy,https://doi.org/10.3390/agronomy15010190,Addresses diffusion and energy-based robot policies or a neighboring robotics mechanism.,"Prior work usually predicts, ranks, filters, or imitates observed behavior rather than preserving unrealized branches.",The observed outcome is enough to supervise the model.,"Contact mode support, embodiment limits, and deployment perturbations.","Branch collapse, hidden-mode shift, and tail-risk planning failures.",Generic world models and generic uncertainty are crowded.,Energy guided diffusion policy limits keeps action-critical alternatives explicit until a physical observation collapses them.
30,doi:10.3390/j4030035,The Question of Algorithmic Personhood and Being (Or: On the Tenuous Nature of Human Status and Humanity Tests in Virtual Spaces—Why All Souls Are ‘Necessarily’ Equal When Considered as Energy),2021,J — Multidisciplinary Scientific Journal,https://doi.org/10.3390/j4030035,Addresses diffusion and energy-based robot policies or a neighboring robotics mechanism.,"Prior work usually predicts, ranks, filters, or imitates observed behavior rather than preserving unrealized branches.",The observed outcome is enough to supervise the model.,"Contact mode support, embodiment limits, and deployment perturbations.","Branch collapse, hidden-mode shift, and tail-risk planning failures.",Generic world models and generic uncertainty are crowded.,Energy guided diffusion policy limits keeps action-critical alternatives explicit until a physical observation collapses them.
31,doi:10.48550/arxiv.2309.05803,Revisiting Energy Based Models as Policies: Ranking Noise Contrastive Estimation and Interpolating Energy Models,2023,arXiv (Cornell University),https://doi.org/10.48550/arxiv.2309.05803,Addresses diffusion and energy-based robot policies or a neighboring robotics mechanism.,"Prior work usually predicts, ranks, filters, or imitates observed behavior rather than preserving unrealized branches.",The observed outcome is enough to supervise the model.,"Contact mode support, embodiment limits, and deployment perturbations.","Branch collapse, hidden-mode shift, and tail-risk planning failures.",Generic world models and generic uncertainty are crowded.,Energy guided diffusion policy limits keeps action-critical alternatives explicit until a physical observation collapses them.
32,doi:10.48550/arxiv.2404.02524,Versatile Behavior Diffusion for Generalized Traffic Agent Simulation,2024,arXiv (Cornell University),https://doi.org/10.48550/arxiv.2404.02524,Addresses diffusion and energy-based robot policies or a neighboring robotics mechanism.,"Prior work usually predicts, ranks, filters, or imitates observed behavior rather than preserving unrealized branches.",The observed outcome is enough to supervise the model.,"Contact mode support, embodiment limits, and deployment perturbations.","Branch collapse, hidden-mode shift, and tail-risk planning failures.",Generic world models and generic uncertainty are crowded.,Energy guided diffusion policy limits keeps action-critical alternatives explicit until a physical observation collapses them.
33,arxiv:2303.16765v2,MDP: A Generalized Framework for Text-Guided Image Editing by Manipulating the Diffusion Path,2023,arXiv,http://arxiv.org/abs/2303.16765v2,Addresses diffusion and energy-based robot policies or a neighboring robotics mechanism.,"Prior work usually predicts, ranks, filters, or imitates observed behavior rather than preserving unrealized branches.",The observed outcome is enough to supervise the model.,"Contact mode support, embodiment limits, and deployment perturbations.","Branch collapse, hidden-mode shift, and tail-risk planning failures.",Generic world models and generic uncertainty are crowded.,Energy guided diffusion policy limits keeps action-critical alternatives explicit until a physical observation collapses them.
34,arxiv:2509.21145v2,DAGDiff: Guiding Dual-Arm Grasp Diffusion to Stable and Collision-Free Grasps,2025,arXiv,http://arxiv.org/abs/2509.21145v2,Addresses diffusion and energy-based robot policies or a neighboring robotics mechanism.,"Prior work usually predicts, ranks, filters, or imitates observed behavior rather than preserving unrealized branches.",The observed outcome is enough to supervise the model.,"Contact mode support, embodiment limits, and deployment perturbations.","Branch collapse, hidden-mode shift, and tail-risk planning failures.",Generic world models and generic uncertainty are crowded.,Energy guided diffusion policy limits keeps action-critical alternatives explicit until a physical observation collapses them.
35,doi:10.3390/sym17060930,Symmetry-Guided Electric Vehicles Energy Consumption Optimization Based on Driver Behavior and Environmental Factors: A Reinforcement Learning Approach,2025,Symmetry,https://doi.org/10.3390/sym17060930,Addresses diffusion and energy-based robot policies or a neighboring robotics mechanism.,"Prior work usually predicts, ranks, filters, or imitates observed behavior rather than preserving unrealized branches.",The observed outcome is enough to supervise the model.,"Contact mode support, embodiment limits, and deployment perturbations.","Branch collapse, hidden-mode shift, and tail-risk planning failures.",Generic world models and generic uncertainty are crowded.,Energy guided diffusion policy limits keeps action-critical alternatives explicit until a physical observation collapses them.
36,doi:10.3390/pr14010099,Domain-Specific Retrieval-Augmented Generation with Adaptive Embedding and Knowledge Distillation-Based Re-Ranking,2025,Processes,https://doi.org/10.3390/pr14010099,Addresses diffusion and energy-based robot policies or a neighboring robotics mechanism.,"Prior work usually predicts, ranks, filters, or imitates observed behavior rather than preserving unrealized branches.",The observed outcome is enough to supervise the model.,"Contact mode support, embodiment limits, and deployment perturbations.","Branch collapse, hidden-mode shift, and tail-risk planning failures.",Generic world models and generic uncertainty are crowded.,Energy guided diffusion policy limits keeps action-critical alternatives explicit until a physical observation collapses them.
37,arxiv:2505.08712v3,NavDP: Learning Sim-to-Real Navigation Diffusion Policy with Privileged Information Guidance,2025,arXiv,http://arxiv.org/abs/2505.08712v3,Addresses diffusion and energy-based robot policies or a neighboring robotics mechanism.,"Prior work usually predicts, ranks, filters, or imitates observed behavior rather than preserving unrealized branches.",The observed outcome is enough to supervise the model.,"Contact mode support, embodiment limits, and deployment perturbations.","Branch collapse, hidden-mode shift, and tail-risk planning failures.",Generic world models and generic uncertainty are crowded.,Energy guided diffusion policy limits keeps action-critical alternatives explicit until a physical observation collapses them.
38,arxiv:2509.13780v1,Behavior Foundation Model for Humanoid Robots,2025,arXiv,http://arxiv.org/abs/2509.13780v1,Addresses diffusion and energy-based robot policies or a neighboring robotics mechanism.,"Prior work usually predicts, ranks, filters, or imitates observed behavior rather than preserving unrealized branches.",The observed outcome is enough to supervise the model.,"Contact mode support, embodiment limits, and deployment perturbations.","Branch collapse, hidden-mode shift, and tail-risk planning failures.",Generic world models and generic uncertainty are crowded.,Energy guided diffusion policy limits keeps action-critical alternatives explicit until a physical observation collapses them.
39,doi:10.3390/s24134113,DriveLLaVA: Human-Level Behavior Decisions via Vision Language Model,2024,Sensors,https://doi.org/10.3390/s24134113,Addresses diffusion and energy-based robot policies or a neighboring robotics mechanism.,"Prior work usually predicts, ranks, filters, or imitates observed behavior rather than preserving unrealized branches.",The observed outcome is enough to supervise the model.,"Contact mode support, embodiment limits, and deployment perturbations.","Branch collapse, hidden-mode shift, and tail-risk planning failures.",Generic world models and generic uncertainty are crowded.,Energy guided diffusion policy limits keeps action-critical alternatives explicit until a physical observation collapses them.
40,doi:10.1007/s00158-026-04318-6,Physics-guided generative design with gradient-based source-space optimization on flow matching,2026,Structural and Multidisciplinary Optimization,https://doi.org/10.1007/s00158-026-04318-6,Addresses diffusion and energy-based robot policies or a neighboring robotics mechanism.,"Prior work usually predicts, ranks, filters, or imitates observed behavior rather than preserving unrealized branches.",The observed outcome is enough to supervise the model.,"Contact mode support, embodiment limits, and deployment perturbations.","Branch collapse, hidden-mode shift, and tail-risk planning failures.",Generic world models and generic uncertainty are crowded.,Energy guided diffusion policy limits keeps action-critical alternatives explicit until a physical observation collapses them.
41,doi:10.21203/rs.3.rs-9082476/v1,Systematic evaluation of single-cell foundation model interpretability reveals attention captures co-expression rather than unique regulatory signal,,,https://doi.org/10.21203/rs.3.rs-9082476/v1,Addresses diffusion and energy-based robot policies or a neighboring robotics mechanism.,"Prior work usually predicts, ranks, filters, or imitates observed behavior rather than preserving unrealized branches.",The observed outcome is enough to supervise the model.,"Contact mode support, embodiment limits, and deployment perturbations.","Branch collapse, hidden-mode shift, and tail-risk planning failures.",Generic world models and generic uncertainty are crowded.,Energy guided diffusion policy limits keeps action-critical alternatives explicit until a physical observation collapses them.
42,doi:10.1146/annurev-control-060117-104838,Synthesis for Robots: Guarantees and Feedback for Robot Behavior,2018,"Annual Review of Control, Robotics, and Autonomous Systems",https://doi.org/10.1146/annurev-control-060117-104838,Addresses diffusion and energy-based robot policies or a neighboring robotics mechanism.,"Prior work usually predicts, ranks, filters, or imitates observed behavior rather than preserving unrealized branches.",The observed outcome is enough to supervise the model.,"Contact mode support, embodiment limits, and deployment perturbations.","Branch collapse, hidden-mode shift, and tail-risk planning failures.",Generic world models and generic uncertainty are crowded.,Energy guided diffusion policy limits keeps action-critical alternatives explicit until a physical observation collapses them.
43,doi:10.1126/scirobotics.abf1416,When less is more: Robot swarms adapt better to changes with constrained communication,2021,Science Robotics,https://doi.org/10.1126/scirobotics.abf1416,Addresses diffusion and energy-based robot policies or a neighboring robotics mechanism.,"Prior work usually predicts, ranks, filters, or imitates observed behavior rather than preserving unrealized branches.",The observed outcome is enough to supervise the model.,"Contact mode support, embodiment limits, and deployment perturbations.","Branch collapse, hidden-mode shift, and tail-risk planning failures.",Generic world models and generic uncertainty are crowded.,Energy guided diffusion policy limits keeps action-critical alternatives explicit until a physical observation collapses them.
44,doi:10.1111/psj.12576,Interlocal learning mechanisms and policy diffusion: The case of new energy vehicles finance in Chinese cities,2025,Policy Studies Journal,https://doi.org/10.1111/psj.12576,Addresses diffusion and energy-based robot policies or a neighboring robotics mechanism.,"Prior work usually predicts, ranks, filters, or imitates observed behavior rather than preserving unrealized branches.",The observed outcome is enough to supervise the model.,"Contact mode support, embodiment limits, and deployment perturbations.","Branch collapse, hidden-mode shift, and tail-risk planning failures.",Generic world models and generic uncertainty are crowded.,Energy guided diffusion policy limits keeps action-critical alternatives explicit until a physical observation collapses them.
45,doi:10.3390/bios15070441,Non-Monotonic Effect of Substrate Inhibition in Conjunction with Diffusion Limitation on the Response of Amperometric Biosensors,2025,Biosensors,https://doi.org/10.3390/bios15070441,Addresses diffusion and energy-based robot policies or a neighboring robotics mechanism.,"Prior work usually predicts, ranks, filters, or imitates observed behavior rather than preserving unrealized branches.",The observed outcome is enough to supervise the model.,"Contact mode support, embodiment limits, and deployment perturbations.","Branch collapse, hidden-mode shift, and tail-risk planning failures.",Generic world models and generic uncertainty are crowded.,Energy guided diffusion policy limits keeps action-critical alternatives explicit until a physical observation collapses them.
46,doi:10.5194/bg-20-3119-2023,Potassium limitation of forest productivity – Part 2: CASTANEA-MAESPA-K shows a reduction in photosynthesis rather than a stoichiometric limitation of tissue formation,2023,Biogeosciences,https://doi.org/10.5194/bg-20-3119-2023,Addresses diffusion and energy-based robot policies or a neighboring robotics mechanism.,"Prior work usually predicts, ranks, filters, or imitates observed behavior rather than preserving unrealized branches.",The observed outcome is enough to supervise the model.,"Contact mode support, embodiment limits, and deployment perturbations.","Branch collapse, hidden-mode shift, and tail-risk planning failures.",Generic world models and generic uncertainty are crowded.,Energy guided diffusion policy limits keeps action-critical alternatives explicit until a physical observation collapses them.
47,doi:10.1002/aic.16180,"Model predictive control with active learning under model uncertainty: Why, when, and how",2018,AIChE Journal,https://doi.org/10.1002/aic.16180,Addresses diffusion and energy-based robot policies or a neighboring robotics mechanism.,"Prior work usually predicts, ranks, filters, or imitates observed behavior rather than preserving unrealized branches.",The observed outcome is enough to supervise the model.,"Contact mode support, embodiment limits, and deployment perturbations.","Branch collapse, hidden-mode shift, and tail-risk planning failures.",Generic world models and generic uncertainty are crowded.,Energy guided diffusion policy limits keeps action-critical alternatives explicit until a physical observation collapses them.
48,arxiv:2606.09630v1,ReCoVLA: VLM-Guided Reward Compilation for Failure Recovery in Vision-Language-Action Policies,2026,arXiv,http://arxiv.org/abs/2606.09630v1,Addresses diffusion and energy-based robot policies or a neighboring robotics mechanism.,"Prior work usually predicts, ranks, filters, or imitates observed behavior rather than preserving unrealized branches.",The observed outcome is enough to supervise the model.,"Contact mode support, embodiment limits, and deployment perturbations.","Branch collapse, hidden-mode shift, and tail-risk planning failures.",Generic world models and generic uncertainty are crowded.,Energy guided diffusion policy limits keeps action-critical alternatives explicit until a physical observation collapses them.
49,arxiv:2602.17659v1,When Vision Overrides Language: Evaluating and Mitigating Counterfactual Failures in VLAs,2026,arXiv,http://arxiv.org/abs/2602.17659v1,Addresses diffusion and energy-based robot policies or a neighboring robotics mechanism.,"Prior work usually predicts, ranks, filters, or imitates observed behavior rather than preserving unrealized branches.",The observed outcome is enough to supervise the model.,"Contact mode support, embodiment limits, and deployment perturbations.","Branch collapse, hidden-mode shift, and tail-risk planning failures.",Generic world models and generic uncertainty are crowded.,Energy guided diffusion policy limits keeps action-critical alternatives explicit until a physical observation collapses them.
50,arxiv:2404.06356v1,Policy-Guided Diffusion,2024,arXiv,http://arxiv.org/abs/2404.06356v1,Addresses diffusion and energy-based robot policies or a neighboring robotics mechanism.,"Prior work usually predicts, ranks, filters, or imitates observed behavior rather than preserving unrealized branches.",The observed outcome is enough to supervise the model.,"Contact mode support, embodiment limits, and deployment perturbations.","Branch collapse, hidden-mode shift, and tail-risk planning failures.",Generic world models and generic uncertainty are crowded.,Energy guided diffusion policy limits keeps action-critical alternatives explicit until a physical observation collapses them.
51,doi:10.1002/rob.20155,Vision‐only control and guidance for aircraft,2006,Journal of Field Robotics,https://doi.org/10.1002/rob.20155,Addresses diffusion and energy-based robot policies or a neighboring robotics mechanism.,"Prior work usually predicts, ranks, filters, or imitates observed behavior rather than preserving unrealized branches.",The observed outcome is enough to supervise the model.,"Contact mode support, embodiment limits, and deployment perturbations.","Branch collapse, hidden-mode shift, and tail-risk planning failures.",Generic world models and generic uncertainty are crowded.,Energy guided diffusion policy limits keeps action-critical alternatives explicit until a physical observation collapses them.
52,doi:10.2139/ssrn.6170279,DAVLMF-Seg: Vision-language model guided latent frequency-aware diffusion for semi-supervised medical image segmentation,,,https://doi.org/10.2139/ssrn.6170279,Addresses diffusion and energy-based robot policies or a neighboring robotics mechanism.,"Prior work usually predicts, ranks, filters, or imitates observed behavior rather than preserving unrealized branches.",The observed outcome is enough to supervise the model.,"Contact mode support, embodiment limits, and deployment perturbations.","Branch collapse, hidden-mode shift, and tail-risk planning failures.",Generic world models and generic uncertainty are crowded.,Energy guided diffusion policy limits keeps action-critical alternatives explicit until a physical observation collapses them.
53,doi:10.1109/iccv51701.2025.00860,When Large Vision-Language Model Meets Large Remote Sensing Imagery: Coarse-to-Fine Text-Guided Token Pruning,2025,2025 IEEE/CVF International Conference on Computer Vision (ICCV),https://doi.org/10.1109/iccv51701.2025.00860,Addresses diffusion and energy-based robot policies or a neighboring robotics mechanism.,"Prior work usually predicts, ranks, filters, or imitates observed behavior rather than preserving unrealized branches.",The observed outcome is enough to supervise the model.,"Contact mode support, embodiment limits, and deployment perturbations.","Branch collapse, hidden-mode shift, and tail-risk planning failures.",Generic world models and generic uncertainty are crowded.,Energy guided diffusion policy limits keeps action-critical alternatives explicit until a physical observation collapses them.
54,doi:10.48550/arxiv.2501.15564,Diffusion-Based Planning for Autonomous Driving with Flexible Guidance,2025,ArXiv.org,https://doi.org/10.48550/arxiv.2501.15564,Addresses diffusion and energy-based robot policies or a neighboring robotics mechanism.,"Prior work usually predicts, ranks, filters, or imitates observed behavior rather than preserving unrealized branches.",The observed outcome is enough to supervise the model.,"Contact mode support, embodiment limits, and deployment perturbations.","Branch collapse, hidden-mode shift, and tail-risk planning failures.",Generic world models and generic uncertainty are crowded.,Energy guided diffusion policy limits keeps action-critical alternatives explicit until a physical observation collapses them.
55,arxiv:2506.07286v1,Multi-Step Guided Diffusion for Image Restoration on Edge Devices: Toward Lightweight Perception in Embodied AI,2025,arXiv,http://arxiv.org/abs/2506.07286v1,Addresses diffusion and energy-based robot policies or a neighboring robotics mechanism.,"Prior work usually predicts, ranks, filters, or imitates observed behavior rather than preserving unrealized branches.",The observed outcome is enough to supervise the model.,"Contact mode support, embodiment limits, and deployment perturbations.","Branch collapse, hidden-mode shift, and tail-risk planning failures.",Generic world models and generic uncertainty are crowded.,Energy guided diffusion policy limits keeps action-critical alternatives explicit until a physical observation collapses them.
56,doi:10.48550/arxiv.2407.00451,Language-Guided Object-Centric Diffusion Policy for Generalizable and Collision-Aware Robotic Manipulation,2024,arXiv (Cornell University),https://doi.org/10.48550/arxiv.2407.00451,Addresses diffusion and energy-based robot policies or a neighboring robotics mechanism.,"Prior work usually predicts, ranks, filters, or imitates observed behavior rather than preserving unrealized branches.",The observed outcome is enough to supervise the model.,"Contact mode support, embodiment limits, and deployment perturbations.","Branch collapse, hidden-mode shift, and tail-risk planning failures.",Generic world models and generic uncertainty are crowded.,Energy guided diffusion policy limits keeps action-critical alternatives explicit until a physical observation collapses them.
57,doi:10.3390/axioms12020159,An Integrated BWM-TOPSIS-I Approach to Determine the Ranking of Alternatives and Application of Sustainability Analysis of Renewable Energy,2023,Axioms,https://doi.org/10.3390/axioms12020159,Addresses diffusion and energy-based robot policies or a neighboring robotics mechanism.,"Prior work usually predicts, ranks, filters, or imitates observed behavior rather than preserving unrealized branches.",The observed outcome is enough to supervise the model.,"Contact mode support, embodiment limits, and deployment perturbations.","Branch collapse, hidden-mode shift, and tail-risk planning failures.",Generic world models and generic uncertainty are crowded.,Energy guided diffusion policy limits keeps action-critical alternatives explicit until a physical observation collapses them.
58,doi:10.3390/s17071574,A Smart and Balanced Energy-Efficient Multihop Clustering Algorithm (Smart-BEEM) for MIMO IoT Systems in Future Networks †,2017,Sensors,https://doi.org/10.3390/s17071574,Addresses diffusion and energy-based robot policies or a neighboring robotics mechanism.,"Prior work usually predicts, ranks, filters, or imitates observed behavior rather than preserving unrealized branches.",The observed outcome is enough to supervise the model.,"Contact mode support, embodiment limits, and deployment perturbations.","Branch collapse, hidden-mode shift, and tail-risk planning failures.",Generic world models and generic uncertainty are crowded.,Energy guided diffusion policy limits keeps action-critical alternatives explicit until a physical observation collapses them.
59,doi:10.48550/arxiv.2010.07467,Human-guided Robot Behavior Learning: A GAN-assisted Preference-based Reinforcement Learning Approach,2020,arXiv (Cornell University),https://doi.org/10.48550/arxiv.2010.07467,Addresses diffusion and energy-based robot policies or a neighboring robotics mechanism.,"Prior work usually predicts, ranks, filters, or imitates observed behavior rather than preserving unrealized branches.",The observed outcome is enough to supervise the model.,"Contact mode support, embodiment limits, and deployment perturbations.","Branch collapse, hidden-mode shift, and tail-risk planning failures.",Generic world models and generic uncertainty are crowded.,Energy guided diffusion policy limits keeps action-critical alternatives explicit until a physical observation collapses them.
60,arxiv:2311.00938v1,Bridging the Gap: Addressing Discrepancies in Diffusion Model Training for Classifier-Free Guidance,2023,arXiv,http://arxiv.org/abs/2311.00938v1,Addresses diffusion and energy-based robot policies or a neighboring robotics mechanism.,"Prior work usually predicts, ranks, filters, or imitates observed behavior rather than preserving unrealized branches.",The observed outcome is enough to supervise the model.,"Contact mode support, embodiment limits, and deployment perturbations.","Branch collapse, hidden-mode shift, and tail-risk planning failures.",Generic world models and generic uncertainty are crowded.,Energy guided diffusion policy limits keeps action-critical alternatives explicit until a physical observation collapses them.
61,arxiv:2310.12609v4,Denoising Heat-inspired Diffusion with Insulators for Collision Free Motion Planning,2023,arXiv,http://arxiv.org/abs/2310.12609v4,Addresses diffusion and energy-based robot policies or a neighboring robotics mechanism.,"Prior work usually predicts, ranks, filters, or imitates observed behavior rather than preserving unrealized branches.",The observed outcome is enough to supervise the model.,"Contact mode support, embodiment limits, and deployment perturbations.","Branch collapse, hidden-mode shift, and tail-risk planning failures.",Generic world models and generic uncertainty are crowded.,Energy guided diffusion policy limits keeps action-critical alternatives explicit until a physical observation collapses them.
62,doi:10.3390/sym15061251,Evaluation of Machine Learning Algorithms in Network-Based Intrusion Detection Using Progressive Dataset,2023,Symmetry,https://doi.org/10.3390/sym15061251,Addresses diffusion and energy-based robot policies or a neighboring robotics mechanism.,"Prior work usually predicts, ranks, filters, or imitates observed behavior rather than preserving unrealized branches.",The observed outcome is enough to supervise the model.,"Contact mode support, embodiment limits, and deployment perturbations.","Branch collapse, hidden-mode shift, and tail-risk planning failures.",Generic world models and generic uncertainty are crowded.,Energy guided diffusion policy limits keeps action-critical alternatives explicit until a physical observation collapses them.
63,arxiv:2512.11345v1,Symmetry-Aware Steering of Equivariant Diffusion Policies: Benefits and Limits,2025,arXiv,http://arxiv.org/abs/2512.11345v1,Addresses diffusion and energy-based robot policies or a neighboring robotics mechanism.,"Prior work usually predicts, ranks, filters, or imitates observed behavior rather than preserving unrealized branches.",The observed outcome is enough to supervise the model.,"Contact mode support, embodiment limits, and deployment perturbations.","Branch collapse, hidden-mode shift, and tail-risk planning failures.",Generic world models and generic uncertainty are crowded.,Energy guided diffusion policy limits keeps action-critical alternatives explicit until a physical observation collapses them.
64,arxiv:2509.06201v1,Grasp-MPC: Closed-Loop Visual Grasping via Value-Guided Model Predictive Control,2025,arXiv,http://arxiv.org/abs/2509.06201v1,Addresses diffusion and energy-based robot policies or a neighboring robotics mechanism.,"Prior work usually predicts, ranks, filters, or imitates observed behavior rather than preserving unrealized branches.",The observed outcome is enough to supervise the model.,"Contact mode support, embodiment limits, and deployment perturbations.","Branch collapse, hidden-mode shift, and tail-risk planning failures.",Generic world models and generic uncertainty are crowded.,Energy guided diffusion policy limits keeps action-critical alternatives explicit until a physical observation collapses them.
65,doi:10.1177/00202940221095534,An energy-efficient and self-triggered control method for robot swarm networking systems,2022,Measurement and Control,https://doi.org/10.1177/00202940221095534,Addresses diffusion and energy-based robot policies or a neighboring robotics mechanism.,"Prior work usually predicts, ranks, filters, or imitates observed behavior rather than preserving unrealized branches.",The observed outcome is enough to supervise the model.,"Contact mode support, embodiment limits, and deployment perturbations.","Branch collapse, hidden-mode shift, and tail-risk planning failures.",Generic world models and generic uncertainty are crowded.,Energy guided diffusion policy limits keeps action-critical alternatives explicit until a physical observation collapses them.
66,doi:10.1002/ceat.70049,Pore Diffusion in the Fischer–Tropsch Synthesis: Limitation or Advantage in Multi‐Tubular Reactors?,2025,Chemical Engineering & Technology,https://doi.org/10.1002/ceat.70049,Addresses diffusion and energy-based robot policies or a neighboring robotics mechanism.,"Prior work usually predicts, ranks, filters, or imitates observed behavior rather than preserving unrealized branches.",The observed outcome is enough to supervise the model.,"Contact mode support, embodiment limits, and deployment perturbations.","Branch collapse, hidden-mode shift, and tail-risk planning failures.",Generic world models and generic uncertainty are crowded.,Energy guided diffusion policy limits keeps action-critical alternatives explicit until a physical observation collapses them.
67,doi:10.1142/s0218202526500211,Blow-up and boundedness in a chemotaxis system with flux limitation and nonlinear diffusion,2026,Mathematical Models and Methods in Applied Sciences,https://doi.org/10.1142/s0218202526500211,Addresses diffusion and energy-based robot policies or a neighboring robotics mechanism.,"Prior work usually predicts, ranks, filters, or imitates observed behavior rather than preserving unrealized branches.",The observed outcome is enough to supervise the model.,"Contact mode support, embodiment limits, and deployment perturbations.","Branch collapse, hidden-mode shift, and tail-risk planning failures.",Generic world models and generic uncertainty are crowded.,Energy guided diffusion policy limits keeps action-critical alternatives explicit until a physical observation collapses them.
68,doi:10.1109/icra57147.2024.10610519,EDMP: Ensemble-of-costs-guided Diffusion for Motion Planning,2024,2024 IEEE International Conference on Robotics and Automation (ICRA),https://doi.org/10.1109/icra57147.2024.10610519,Addresses diffusion and energy-based robot policies or a neighboring robotics mechanism.,"Prior work usually predicts, ranks, filters, or imitates observed behavior rather than preserving unrealized branches.",The observed outcome is enough to supervise the model.,"Contact mode support, embodiment limits, and deployment perturbations.","Branch collapse, hidden-mode shift, and tail-risk planning failures.",Generic world models and generic uncertainty are crowded.,Energy guided diffusion policy limits keeps action-critical alternatives explicit until a physical observation collapses them.
69,doi:10.1016/j.ins.2025.122736,Enhancing usability in face privacy protection via vision-language guided diffusion model,2026,Information Sciences,https://doi.org/10.1016/j.ins.2025.122736,Addresses diffusion and energy-based robot policies or a neighboring robotics mechanism.,"Prior work usually predicts, ranks, filters, or imitates observed behavior rather than preserving unrealized branches.",The observed outcome is enough to supervise the model.,"Contact mode support, embodiment limits, and deployment perturbations.","Branch collapse, hidden-mode shift, and tail-risk planning failures.",Generic world models and generic uncertainty are crowded.,Energy guided diffusion policy limits keeps action-critical alternatives explicit until a physical observation collapses them.
70,arxiv:2412.13046v3,Adaptive Economic Model Predictive Control: Performance Guarantees for Nonlinear Systems,2024,arXiv,http://arxiv.org/abs/2412.13046v3,Addresses diffusion and energy-based robot policies or a neighboring robotics mechanism.,"Prior work usually predicts, ranks, filters, or imitates observed behavior rather than preserving unrealized branches.",The observed outcome is enough to supervise the model.,"Contact mode support, embodiment limits, and deployment perturbations.","Branch collapse, hidden-mode shift, and tail-risk planning failures.",Generic world models and generic uncertainty are crowded.,Energy guided diffusion policy limits keeps action-critical alternatives explicit until a physical observation collapses them.
71,arxiv:2510.17439v3,From Spatial to Actions: Grounding Vision-Language-Action Model in Spatial Foundation Priors,2025,arXiv,http://arxiv.org/abs/2510.17439v3,Addresses diffusion and energy-based robot policies or a neighboring robotics mechanism.,"Prior work usually predicts, ranks, filters, or imitates observed behavior rather than preserving unrealized branches.",The observed outcome is enough to supervise the model.,"Contact mode support, embodiment limits, and deployment perturbations.","Branch collapse, hidden-mode shift, and tail-risk planning failures.",Generic world models and generic uncertainty are crowded.,Energy guided diffusion policy limits keeps action-critical alternatives explicit until a physical observation collapses them.
72,arxiv:2507.20499v2,DmC: Nearest Neighbor Guidance Diffusion Model for Offline Cross-domain Reinforcement Learning,2025,arXiv,http://arxiv.org/abs/2507.20499v2,Addresses diffusion and energy-based robot policies or a neighboring robotics mechanism.,"Prior work usually predicts, ranks, filters, or imitates observed behavior rather than preserving unrealized branches.",The observed outcome is enough to supervise the model.,"Contact mode support, embodiment limits, and deployment perturbations.","Branch collapse, hidden-mode shift, and tail-risk planning failures.",Generic world models and generic uncertainty are crowded.,Energy guided diffusion policy limits keeps action-critical alternatives explicit until a physical observation collapses them.
73,arxiv:2605.08434v2,Failing Forward: Adaptive Failure-Informed Learning for Vision-Language-Action Models,2026,arXiv,http://arxiv.org/abs/2605.08434v2,Addresses diffusion and energy-based robot policies or a neighboring robotics mechanism.,"Prior work usually predicts, ranks, filters, or imitates observed behavior rather than preserving unrealized branches.",The observed outcome is enough to supervise the model.,"Contact mode support, embodiment limits, and deployment perturbations.","Branch collapse, hidden-mode shift, and tail-risk planning failures.",Generic world models and generic uncertainty are crowded.,Energy guided diffusion policy limits keeps action-critical alternatives explicit until a physical observation collapses them.
74,doi:10.1016/j.lrp.2022.102218,Two heads are safer than one: Changes in CEO duality and venture failure,2022,Long Range Planning,https://doi.org/10.1016/j.lrp.2022.102218,Addresses diffusion and energy-based robot policies or a neighboring robotics mechanism.,"Prior work usually predicts, ranks, filters, or imitates observed behavior rather than preserving unrealized branches.",The observed outcome is enough to supervise the model.,"Contact mode support, embodiment limits, and deployment perturbations.","Branch collapse, hidden-mode shift, and tail-risk planning failures.",Generic world models and generic uncertainty are crowded.,Energy guided diffusion policy limits keeps action-critical alternatives explicit until a physical observation collapses them.
75,doi:10.1016/j.enpol.2020.111534,Responsiveness to energy price changes when salience is high: Residential natural gas demand in Ukraine,2020,Energy Policy,https://doi.org/10.1016/j.enpol.2020.111534,Addresses diffusion and energy-based robot policies or a neighboring robotics mechanism.,"Prior work usually predicts, ranks, filters, or imitates observed behavior rather than preserving unrealized branches.",The observed outcome is enough to supervise the model.,"Contact mode support, embodiment limits, and deployment perturbations.","Branch collapse, hidden-mode shift, and tail-risk planning failures.",Generic world models and generic uncertainty are crowded.,Energy guided diffusion policy limits keeps action-critical alternatives explicit until a physical observation collapses them.
76,doi:10.1002/rob.22053,Minimum‐time row transition control of a vision‐guided agricultural robot,2022,Journal of Field Robotics,https://doi.org/10.1002/rob.22053,Addresses diffusion and energy-based robot policies or a neighboring robotics mechanism.,"Prior work usually predicts, ranks, filters, or imitates observed behavior rather than preserving unrealized branches.",The observed outcome is enough to supervise the model.,"Contact mode support, embodiment limits, and deployment perturbations.","Branch collapse, hidden-mode shift, and tail-risk planning failures.",Generic world models and generic uncertainty are crowded.,Energy guided diffusion policy limits keeps action-critical alternatives explicit until a physical observation collapses them.
77,doi:10.48550/arxiv.2402.12666,Pre-trained Transformer-Enabled Strategies with Human-Guided Fine-Tuning for End-to-end Navigation of Autonomous Vehicles,2024,arXiv (Cornell University),https://doi.org/10.48550/arxiv.2402.12666,Addresses diffusion and energy-based robot policies or a neighboring robotics mechanism.,"Prior work usually predicts, ranks, filters, or imitates observed behavior rather than preserving unrealized branches.",The observed outcome is enough to supervise the model.,"Contact mode support, embodiment limits, and deployment perturbations.","Branch collapse, hidden-mode shift, and tail-risk planning failures.",Generic world models and generic uncertainty are crowded.,Energy guided diffusion policy limits keeps action-critical alternatives explicit until a physical observation collapses them.
78,doi:10.1287/mnsc.2016.2539,When Do People Prefer Carrots to Sticks? A Robust “Matching Effect” in Policy Evaluation,2017,Management Science,https://doi.org/10.1287/mnsc.2016.2539,Addresses diffusion and energy-based robot policies or a neighboring robotics mechanism.,"Prior work usually predicts, ranks, filters, or imitates observed behavior rather than preserving unrealized branches.",The observed outcome is enough to supervise the model.,"Contact mode support, embodiment limits, and deployment perturbations.","Branch collapse, hidden-mode shift, and tail-risk planning failures.",Generic world models and generic uncertainty are crowded.,Energy guided diffusion policy limits keeps action-critical alternatives explicit until a physical observation collapses them.
79,arxiv:2505.14139v1,FlowQ: Energy-Guided Flow Policies for Offline Reinforcement Learning,2025,arXiv,http://arxiv.org/abs/2505.14139v1,Addresses diffusion and energy-based robot policies or a neighboring robotics mechanism.,"Prior work usually predicts, ranks, filters, or imitates observed behavior rather than preserving unrealized branches.",The observed outcome is enough to supervise the model.,"Contact mode support, embodiment limits, and deployment perturbations.","Branch collapse, hidden-mode shift, and tail-risk planning failures.",Generic world models and generic uncertainty are crowded.,Energy guided diffusion policy limits keeps action-critical alternatives explicit until a physical observation collapses them.
80,arxiv:2508.01600v1,CLASS: Contrastive Learning via Action Sequence Supervision for Robot Manipulation,2025,arXiv,http://arxiv.org/abs/2508.01600v1,Addresses diffusion and energy-based robot policies or a neighboring robotics mechanism.,"Prior work usually predicts, ranks, filters, or imitates observed behavior rather than preserving unrealized branches.",The observed outcome is enough to supervise the model.,"Contact mode support, embodiment limits, and deployment perturbations.","Branch collapse, hidden-mode shift, and tail-risk planning failures.",Generic world models and generic uncertainty are crowded.,Energy guided diffusion policy limits keeps action-critical alternatives explicit until a physical observation collapses them.
81,doi:10.1016/j.applthermaleng.2026.130741,Model predictive control guided imitation learning for optimal control of PCM thermal energy storage,2026,Applied Thermal Engineering,https://doi.org/10.1016/j.applthermaleng.2026.130741,Addresses diffusion and energy-based robot policies or a neighboring robotics mechanism.,"Prior work usually predicts, ranks, filters, or imitates observed behavior rather than preserving unrealized branches.",The observed outcome is enough to supervise the model.,"Contact mode support, embodiment limits, and deployment perturbations.","Branch collapse, hidden-mode shift, and tail-risk planning failures.",Generic world models and generic uncertainty are crowded.,Energy guided diffusion policy limits keeps action-critical alternatives explicit until a physical observation collapses them.
82,doi:10.1109/ojemb.2020.2987885,For Motion Assistance Humans Prefer to Rely on a Robot Rather Than on an Unpredictable Human,2020,IEEE Open Journal of Engineering in Medicine and Biology,https://doi.org/10.1109/ojemb.2020.2987885,Addresses diffusion and energy-based robot policies or a neighboring robotics mechanism.,"Prior work usually predicts, ranks, filters, or imitates observed behavior rather than preserving unrealized branches.",The observed outcome is enough to supervise the model.,"Contact mode support, embodiment limits, and deployment perturbations.","Branch collapse, hidden-mode shift, and tail-risk planning failures.",Generic world models and generic uncertainty are crowded.,Energy guided diffusion policy limits keeps action-critical alternatives explicit until a physical observation collapses them.
83,doi:10.3389/frobt.2022.733954,Perception is Only Real When Shared: A Mathematical Model for Collaborative Shared Perception in Human-Robot Interaction,2022,Frontiers in Robotics and AI,https://doi.org/10.3389/frobt.2022.733954,Addresses diffusion and energy-based robot policies or a neighboring robotics mechanism.,"Prior work usually predicts, ranks, filters, or imitates observed behavior rather than preserving unrealized branches.",The observed outcome is enough to supervise the model.,"Contact mode support, embodiment limits, and deployment perturbations.","Branch collapse, hidden-mode shift, and tail-risk planning failures.",Generic world models and generic uncertainty are crowded.,Energy guided diffusion policy limits keeps action-critical alternatives explicit until a physical observation collapses them.
84,arxiv:2508.04384v1,Incorporating Stochastic Models of Controller Behavior into Kinodynamic Efficiently Adaptive State Lattices for Mobile Robot Motion Planning in Off-Road Environments,2025,arXiv,http://arxiv.org/abs/2508.04384v1,Addresses diffusion and energy-based robot policies or a neighboring robotics mechanism.,"Prior work usually predicts, ranks, filters, or imitates observed behavior rather than preserving unrealized branches.",The observed outcome is enough to supervise the model.,"Contact mode support, embodiment limits, and deployment perturbations.","Branch collapse, hidden-mode shift, and tail-risk planning failures.",Generic world models and generic uncertainty are crowded.,Energy guided diffusion policy limits keeps action-critical alternatives explicit until a physical observation collapses them.
85,doi:10.3390/electronics11030311,A Deep Reinforcement Learning Strategy Combining Expert Experience Guidance for a Fruit-Picking Manipulator,2022,Electronics,https://doi.org/10.3390/electronics11030311,Addresses diffusion and energy-based robot policies or a neighboring robotics mechanism.,"Prior work usually predicts, ranks, filters, or imitates observed behavior rather than preserving unrealized branches.",The observed outcome is enough to supervise the model.,"Contact mode support, embodiment limits, and deployment perturbations.","Branch collapse, hidden-mode shift, and tail-risk planning failures.",Generic world models and generic uncertainty are crowded.,Energy guided diffusion policy limits keeps action-critical alternatives explicit until a physical observation collapses them.
86,doi:10.48550/arxiv.2505.14139,FlowQ: Energy-Guided Flow Policies for Offline Reinforcement Learning,2025,ArXiv.org,https://doi.org/10.48550/arxiv.2505.14139,Addresses diffusion and energy-based robot policies or a neighboring robotics mechanism.,"Prior work usually predicts, ranks, filters, or imitates observed behavior rather than preserving unrealized branches.",The observed outcome is enough to supervise the model.,"Contact mode support, embodiment limits, and deployment perturbations.","Branch collapse, hidden-mode shift, and tail-risk planning failures.",Generic world models and generic uncertainty are crowded.,Energy guided diffusion policy limits keeps action-critical alternatives explicit until a physical observation collapses them.
87,doi:10.1016/j.engfailanal.2024.108589,An energy-based 2D model for predicting mechanical behavior of adhesively bonded CFRP laminates,2024,Engineering Failure Analysis,https://doi.org/10.1016/j.engfailanal.2024.108589,Addresses diffusion and energy-based robot policies or a neighboring robotics mechanism.,"Prior work usually predicts, ranks, filters, or imitates observed behavior rather than preserving unrealized branches.",The observed outcome is enough to supervise the model.,"Contact mode support, embodiment limits, and deployment perturbations.","Branch collapse, hidden-mode shift, and tail-risk planning failures.",Generic world models and generic uncertainty are crowded.,Energy guided diffusion policy limits keeps action-critical alternatives explicit until a physical observation collapses them.
88,doi:10.1109/jproc.2018.2840045,A Value-Driven Eldercare Robot: Virtual and Physical Instantiations of a Case-Supported Principle-Based Behavior Paradigm,2018,Proceedings of the IEEE,https://doi.org/10.1109/jproc.2018.2840045,Addresses diffusion and energy-based robot policies or a neighboring robotics mechanism.,"Prior work usually predicts, ranks, filters, or imitates observed behavior rather than preserving unrealized branches.",The observed outcome is enough to supervise the model.,"Contact mode support, embodiment limits, and deployment perturbations.","Branch collapse, hidden-mode shift, and tail-risk planning failures.",Generic world models and generic uncertainty are crowded.,Energy guided diffusion policy limits keeps action-critical alternatives explicit until a physical observation collapses them.
89,doi:10.1177/09544100261455960,Natural language control of UAVs using large language models with robust semantic interpretation and logic-guided task planning,2026,"Proceedings of the Institution of Mechanical Engineers, Part G: Journal of Aerospace Engineering",https://doi.org/10.1177/09544100261455960,Addresses diffusion and energy-based robot policies or a neighboring robotics mechanism.,"Prior work usually predicts, ranks, filters, or imitates observed behavior rather than preserving unrealized branches.",The observed outcome is enough to supervise the model.,"Contact mode support, embodiment limits, and deployment perturbations.","Branch collapse, hidden-mode shift, and tail-risk planning failures.",Generic world models and generic uncertainty are crowded.,Energy guided diffusion policy limits keeps action-critical alternatives explicit until a physical observation collapses them.
90,doi:10.2514/1.g009138,Guided Sampling-Based Motion Planning Algorithm for Dynamic and Obstacle Cluttered Environments,2026,"Journal of Guidance, Control, and Dynamics",https://doi.org/10.2514/1.g009138,Addresses diffusion and energy-based robot policies or a neighboring robotics mechanism.,"Prior work usually predicts, ranks, filters, or imitates observed behavior rather than preserving unrealized branches.",The observed outcome is enough to supervise the model.,"Contact mode support, embodiment limits, and deployment perturbations.","Branch collapse, hidden-mode shift, and tail-risk planning failures.",Generic world models and generic uncertainty are crowded.,Energy guided diffusion policy limits keeps action-critical alternatives explicit until a physical observation collapses them.
91,arxiv:1703.05381v1,3D Vision Guided Robotic Charging Station for Electric and Plug-in Hybrid Vehicles,2017,arXiv,http://arxiv.org/abs/1703.05381v1,Addresses diffusion and energy-based robot policies or a neighboring robotics mechanism.,"Prior work usually predicts, ranks, filters, or imitates observed behavior rather than preserving unrealized branches.",The observed outcome is enough to supervise the model.,"Contact mode support, embodiment limits, and deployment perturbations.","Branch collapse, hidden-mode shift, and tail-risk planning failures.",Generic world models and generic uncertainty are crowded.,Energy guided diffusion policy limits keeps action-critical alternatives explicit until a physical observation collapses them.
92,arxiv:2512.09960v1,Numerical Behavior of the Riemann Zeta Function Using Real-to-Complex Conversion Without Gram Points or Bracketing,2025,arXiv,http://arxiv.org/abs/2512.09960v1,Addresses diffusion and energy-based robot policies or a neighboring robotics mechanism.,"Prior work usually predicts, ranks, filters, or imitates observed behavior rather than preserving unrealized branches.",The observed outcome is enough to supervise the model.,"Contact mode support, embodiment limits, and deployment perturbations.","Branch collapse, hidden-mode shift, and tail-risk planning failures.",Generic world models and generic uncertainty are crowded.,Energy guided diffusion policy limits keeps action-critical alternatives explicit until a physical observation collapses them.
93,doi:10.48550/arxiv.2404.02176,Versatile Navigation under Partial Observability via Value-guided Diffusion Policy,2024,arXiv (Cornell University),https://doi.org/10.48550/arxiv.2404.02176,Addresses diffusion and energy-based robot policies or a neighboring robotics mechanism.,"Prior work usually predicts, ranks, filters, or imitates observed behavior rather than preserving unrealized branches.",The observed outcome is enough to supervise the model.,"Contact mode support, embodiment limits, and deployment perturbations.","Branch collapse, hidden-mode shift, and tail-risk planning failures.",Generic world models and generic uncertainty are crowded.,Energy guided diffusion policy limits keeps action-critical alternatives explicit until a physical observation collapses them.
94,doi:10.1016/j.enpol.2013.01.019,Rewarding energy savings rather than energy efficiency: Exploring the concept of a feed-in tariff for energy savings,2013,Energy Policy,https://doi.org/10.1016/j.enpol.2013.01.019,Addresses diffusion and energy-based robot policies or a neighboring robotics mechanism.,"Prior work usually predicts, ranks, filters, or imitates observed behavior rather than preserving unrealized branches.",The observed outcome is enough to supervise the model.,"Contact mode support, embodiment limits, and deployment perturbations.","Branch collapse, hidden-mode shift, and tail-risk planning failures.",Generic world models and generic uncertainty are crowded.,Energy guided diffusion policy limits keeps action-critical alternatives explicit until a physical observation collapses them.
95,arxiv:2503.00508v1,HGDiffuser: Efficient Task-Oriented Grasp Generation via Human-Guided Grasp Diffusion Models,2025,arXiv,http://arxiv.org/abs/2503.00508v1,Addresses diffusion and energy-based robot policies or a neighboring robotics mechanism.,"Prior work usually predicts, ranks, filters, or imitates observed behavior rather than preserving unrealized branches.",The observed outcome is enough to supervise the model.,"Contact mode support, embodiment limits, and deployment perturbations.","Branch collapse, hidden-mode shift, and tail-risk planning failures.",Generic world models and generic uncertainty are crowded.,Energy guided diffusion policy limits keeps action-critical alternatives explicit until a physical observation collapses them.
96,doi:10.3390/s19173688,An Energy-Efficient Method for Human Activity Recognition with Segment-Level Change Detection and Deep Learning,2019,Sensors,https://doi.org/10.3390/s19173688,Addresses diffusion and energy-based robot policies or a neighboring robotics mechanism.,"Prior work usually predicts, ranks, filters, or imitates observed behavior rather than preserving unrealized branches.",The observed outcome is enough to supervise the model.,"Contact mode support, embodiment limits, and deployment perturbations.","Branch collapse, hidden-mode shift, and tail-risk planning failures.",Generic world models and generic uncertainty are crowded.,Energy guided diffusion policy limits keeps action-critical alternatives explicit until a physical observation collapses them.
97,doi:10.1109/icra57147.2024.10610231,AgriSORT: A Simple Online Real-time Tracking-by-Detection framework for robotics in precision agriculture,2024,,https://doi.org/10.1109/icra57147.2024.10610231,Addresses diffusion and energy-based robot policies or a neighboring robotics mechanism.,"Prior work usually predicts, ranks, filters, or imitates observed behavior rather than preserving unrealized branches.",The observed outcome is enough to supervise the model.,"Contact mode support, embodiment limits, and deployment perturbations.","Branch collapse, hidden-mode shift, and tail-risk planning failures.",Generic world models and generic uncertainty are crowded.,Energy guided diffusion policy limits keeps action-critical alternatives explicit until a physical observation collapses them.
98,doi:10.1109/access.2021.3075194,Modeling Driver Behavior in Car-Following Interactions With Automated and Human-Driven Vehicles and Energy Efficiency Evaluation,2021,IEEE Access,https://doi.org/10.1109/access.2021.3075194,Addresses diffusion and energy-based robot policies or a neighboring robotics mechanism.,"Prior work usually predicts, ranks, filters, or imitates observed behavior rather than preserving unrealized branches.",The observed outcome is enough to supervise the model.,"Contact mode support, embodiment limits, and deployment perturbations.","Branch collapse, hidden-mode shift, and tail-risk planning failures.",Generic world models and generic uncertainty are crowded.,Energy guided diffusion policy limits keeps action-critical alternatives explicit until a physical observation collapses them.
99,doi:10.18196/jrc.v5i6.23392,Computational Approaches to Two-Energy Group Neutron Diffusion in Cylindrical Reactors,2024,Journal of Robotics and Control (JRC),https://doi.org/10.18196/jrc.v5i6.23392,Addresses diffusion and energy-based robot policies or a neighboring robotics mechanism.,"Prior work usually predicts, ranks, filters, or imitates observed behavior rather than preserving unrealized branches.",The observed outcome is enough to supervise the model.,"Contact mode support, embodiment limits, and deployment perturbations.","Branch collapse, hidden-mode shift, and tail-risk planning failures.",Generic world models and generic uncertainty are crowded.,Energy guided diffusion policy limits keeps action-critical alternatives explicit until a physical observation collapses them.
100,doi:10.36227/techrxiv.176403396.62839773/v1,"Guidance, Navigation, and Control: A Survey, Taxonomy, and Challenges (2020-2025)",2025,,https://doi.org/10.36227/techrxiv.176403396.62839773/v1,Addresses diffusion and energy-based robot policies or a neighboring robotics mechanism.,"Prior work usually predicts, ranks, filters, or imitates observed behavior rather than preserving unrealized branches.",The observed outcome is enough to supervise the model.,"Contact mode support, embodiment limits, and deployment perturbations.","Branch collapse, hidden-mode shift, and tail-risk planning failures.",Generic world models and generic uncertainty are crowded.,Energy guided diffusion policy limits keeps action-critical alternatives explicit until a physical observation collapses them.
